{"status":200,"msg":"ok","data":{"uid":0,"productAttr":[{"product_id":33,"attr_name":"规格","attr_values":["默认"],"type":0,"attr_value":[{"attr":"默认","check":false}]}],"productValue":{"默认":{"product_id":33,"suk":"默认","stock":1712,"sales":88,"price":"400.00","image":"\/\/img.alicdn.com\/imgextra\/i2\/446338500\/O1CN01C1gPMf2Cf3B2m9MvK-446338500.jpg","bar_code":"","ot_price":"800.00","volume":"0.00","weight":"0.00","brokerage":"2.00","brokerage_two":"4.00","type":0,"unique":"eb476313","cost":"200.00","quota":0,"quota_show":0,"product_stock":1712}},"storeInfo":{"id":33,"mer_id":0,"image":"http:\/\/img.alicdn.com\/imgextra\/i2\/446338500\/O1CN01C1gPMf2Cf3B2m9MvK-446338500.jpg","recommend_image":"","slider_image":["\/\/img.alicdn.com\/imgextra\/i2\/446338500\/O1CN01C1gPMf2Cf3B2m9MvK-446338500.jpg","\/\/img.alicdn.com\/imgextra\/i1\/446338500\/O1CN01f702IG2Cf3Aexu2Lw-446338500.jpg","\/\/img.alicdn.com\/imgextra\/i4\/446338500\/O1CN01JYcUGc2Cf3AaDlpBk-446338500.jpg","\/\/img.alicdn.com\/imgextra\/i4\/446338500\/O1CN0137QOuG2Cf3AeCckCD-446338500.jpg","\/\/img.alicdn.com\/imgextra\/i4\/446338500\/O1CN01AduM2s2Cf3AbshlLs-446338500.jpg"],"store_name":"阿迪达斯官网 Pro Bounce 2019Low BATW男子场上篮球运动鞋EG1536","store_info":"尺码参考试穿报告","keyword":"阿迪达斯官网 Pro Bounce 2019Low BATW男子场上篮球运动鞋EG1536","bar_code":"","cate_id":"54","price":"400.00","vip_price":"400.00","ot_price":"800.00","postage":"0.00","unit_name":"件","sort":999,"sales":88,"stock":1712,"is_show":1,"is_hot":1,"is_benefit":1,"is_best":1,"is_new":1,"add_time":1598324012,"is_postage":0,"is_del":0,"mer_use":0,"give_integral":"20.00","cost":"200.00","is_seckill":0,"is_bargain":null,"is_good":1,"is_sub":1,"ficti":100,"browse":0,"code_path":"","soure_link":"https:\/\/detail.tmall.com\/item.htm?spm=a1z10.3-b-s.w4011-14458965484.61.32342fe5jRd2k4&id=599052271872&rn=dcedaddf98cb63e481f4be6f665b2529&abbucket=14","temp_id":1,"spec_type":1,"activity":"0,1,2,3","spu":"9955101953688","label_id":"0","video_link":"\/\/cloud.video.taobao.com\/play\/u\/446338500\/p\/1\/e\/6\/t\/1\/240081942053.mp4","description":"<p><map name=\"adi_Map_EG15367\"><\/map><\/p><table width=\"790\" border=\"0\" align=\"center\" cellpadding=\"0\" cellspacing=\"0\" style=\"width:790.0px;margin:0 auto;\"><tbody><tr class=\"firstRow\"><td align=\"center\" style=\"text-align:center;\"><img src=\"http:\/\/demo26.crmeb.net\/uploads\/attach\/2020\/08\/25\/72c8cb2dd74355c33b6a6ae0860f5413.jpg\" size=\"790x362\"\/><\/td><\/tr><tr><td align=\"center\" style=\"text-align:center;\"><img src=\"http:\/\/demo26.crmeb.net\/uploads\/attach\/2020\/08\/25\/d866f94db2c1b25bac28e91487983f24.jpg\" size=\"790x1000\"\/><\/td><\/tr><tr><td align=\"center\" style=\"text-align:center;\"><img src=\"http:\/\/demo26.crmeb.net\/uploads\/attach\/2020\/08\/25\/d7f2c311289753c41a5e8904617bb91a.jpg\" size=\"790x1000\"\/><\/td><\/tr><tr><td align=\"center\" style=\"text-align:center;\"><img src=\"http:\/\/demo26.crmeb.net\/uploads\/attach\/2020\/08\/25\/c067b69e97099a8b03e415c2ab95eb14.jpg\" size=\"790x1000\"\/><\/td><\/tr><tr><td align=\"center\" style=\"text-align:center;\"><img src=\"http:\/\/demo26.crmeb.net\/uploads\/attach\/2020\/08\/25\/b3ed2ef5cc6a8be4dfa51b61f6431a9e.jpg\" size=\"790x556\"\/><\/td><\/tr><tr><td align=\"center\" style=\"text-align:center;\"><img src=\"http:\/\/demo26.crmeb.net\/uploads\/attach\/2020\/08\/25\/541cfb4fdbe23c052a828495e452df07.jpg\" size=\"790x681\"\/><\/td><\/tr><tr><td align=\"center\" style=\"text-align:center;\"><img src=\"http:\/\/demo26.crmeb.net\/uploads\/attach\/2020\/08\/25\/664925cbc8f0b107e2253b2e8d92581e.jpg\" size=\"790x948\"\/><\/td><\/tr><tr><td align=\"center\" style=\"text-align:center;\"><img src=\"http:\/\/demo26.crmeb.net\/uploads\/attach\/2020\/08\/25\/abd0ee82d0070f24b3e296aa38ac4079.jpg\" usemap=\"#adi_Map_EG15367\" size=\"790x633\"\/><\/td><\/tr><tr><td align=\"center\" style=\"text-align:center;\"><img src=\"http:\/\/demo26.crmeb.net\/uploads\/attach\/2020\/08\/25\/3a76c8c4f981f86be1ddfce34544799a.jpg\" size=\"790x549\"\/><\/td><\/tr><tr><td align=\"center\" style=\"text-align:center;\"><img src=\"http:\/\/demo26.crmeb.net\/uploads\/attach\/2020\/08\/25\/c21c90aeee5cb7751db178e977dfbea9.jpg\" size=\"790x923\"\/><\/td><\/tr><tr><td align=\"center\" style=\"text-align:center;\"><img src=\"http:\/\/demo26.crmeb.net\/uploads\/attach\/2020\/08\/25\/d924288c3004d6b51b8a4400d727b39d.jpg\" size=\"790x743\"\/><\/td><\/tr><\/tbody><\/table><p><img src=\"http:\/\/demo26.crmeb.net\/uploads\/attach\/2020\/08\/20200825\/cb49eb3007d62fe81cf345a06a5646fb.png\"\/><\/p><video src=\"\/\/cloud.video.taobao.com\/play\/u\/446338500\/p\/1\/e\/6\/t\/1\/240081942053.mp4\" controls=\"controls\"><\/video>","image_base":"http:\/\/img.alicdn.com\/imgextra\/i2\/446338500\/O1CN01C1gPMf2Cf3B2m9MvK-446338500.jpg","fsales":188,"code_base":"http:\/\/demo26.crmeb.net\/uploads\/qrcode\/33_product_detail_wap.jpg","userCollect":false,"userLike":false},"priceName":0,"reply":{"id":41,"uid":10674,"oid":1026,"unique":"6ce57b92cae34649dfeb920c1a880433","product_id":33,"reply_type":"product","product_score":4,"service_score":4,"comment":"还啊很多双卡双待卡号是打开就哈撒可见度哈克觉得是哈可接受的和卡号的卡号是的卡号是看见啥看见大海上的看见哈斯卡号是看见哈撒可见度蛤科进士蛤科进士蛤科进士蝴蝶卡和的卡号是的卡是","pics":["http:\/\/demo26.crmeb.net\/uploads\/store\/comment\/20200825\/b81849274dc3fcf96cb379c7fad2b09f.png","http:\/\/demo26.crmeb.net\/uploads\/store\/comment\/20200825\/d2c1a224b8c3eafadbea6e68ba2c5831.png","http:\/\/demo26.crmeb.net\/uploads\/store\/comment\/20200825\/ccdf56c4dd6eb5b679594e9f339b7b7d.png","http:\/\/demo26.crmeb.net\/uploads\/store\/comment\/20200825\/885226116f122344f6f34cc04972f8b5.png","http:\/\/demo26.crmeb.net\/uploads\/store\/comment\/20200825\/5c7623d9f3eb2eae357b02b3b1ce80e2.png","http:\/\/demo26.crmeb.net\/uploads\/store\/comment\/20200825\/d7d68083e132d9c5312e56635d642672.png","http:\/\/demo26.crmeb.net\/uploads\/store\/comment\/20200825\/92d10ca909b7424f12ac55836e051877.png","http:\/\/demo26.crmeb.net\/uploads\/store\/comment\/20200825\/b60248b930258f7a6f774aff5a72944b.png"],"add_time":"1个月前","merchant_reply_content":"谢谢您的惠顾！！！","merchant_reply_time":"2020-08-25 11:41","is_del":0,"is_reply":1,"nickname":"7***********7","avatar":"http:\/\/demo26.crmeb.net\/uploads\/attach\/2019\/10\/20191031\/772750915c378a07dbc6b2dc2fa2f397.png","cart_info":null,"suk":"","star":"4"},"replyChance":0,"replyCount":1,"mer_id":0,"good_list":[{"id":33,"store_name":"阿迪达斯官网 Pro Bounce 2019Low BATW男子场上篮球运动鞋EG1536","cate_id":"54","image":"http:\/\/img.alicdn.com\/imgextra\/i2\/446338500\/O1CN01C1gPMf2Cf3B2m9MvK-446338500.jpg","sales":"188","price":"400.00","stock":1712,"activity":[],"unit_name":"件","description":"<p><map name=\"adi_Map_EG15367\"><\/map><\/p><table width=\"790\" border=\"0\" align=\"center\" cellpadding=\"0\" cellspacing=\"0\" style=\"width:790.0px;margin:0 auto;\"><tbody><tr class=\"firstRow\"><td align=\"center\" style=\"text-align:center;\"><img src=\"http:\/\/demo26.crmeb.net\/uploads\/attach\/2020\/08\/25\/72c8cb2dd74355c33b6a6ae0860f5413.jpg\" size=\"790x362\"\/><\/td><\/tr><tr><td align=\"center\" style=\"text-align:center;\"><img src=\"http:\/\/demo26.crmeb.net\/uploads\/attach\/2020\/08\/25\/d866f94db2c1b25bac28e91487983f24.jpg\" size=\"790x1000\"\/><\/td><\/tr><tr><td align=\"center\" style=\"text-align:center;\"><img src=\"http:\/\/demo26.crmeb.net\/uploads\/attach\/2020\/08\/25\/d7f2c311289753c41a5e8904617bb91a.jpg\" size=\"790x1000\"\/><\/td><\/tr><tr><td align=\"center\" style=\"text-align:center;\"><img src=\"http:\/\/demo26.crmeb.net\/uploads\/attach\/2020\/08\/25\/c067b69e97099a8b03e415c2ab95eb14.jpg\" size=\"790x1000\"\/><\/td><\/tr><tr><td align=\"center\" style=\"text-align:center;\"><img src=\"http:\/\/demo26.crmeb.net\/uploads\/attach\/2020\/08\/25\/b3ed2ef5cc6a8be4dfa51b61f6431a9e.jpg\" size=\"790x556\"\/><\/td><\/tr><tr><td align=\"center\" style=\"text-align:center;\"><img src=\"http:\/\/demo26.crmeb.net\/uploads\/attach\/2020\/08\/25\/541cfb4fdbe23c052a828495e452df07.jpg\" size=\"790x681\"\/><\/td><\/tr><tr><td align=\"center\" style=\"text-align:center;\"><img src=\"http:\/\/demo26.crmeb.net\/uploads\/attach\/2020\/08\/25\/664925cbc8f0b107e2253b2e8d92581e.jpg\" size=\"790x948\"\/><\/td><\/tr><tr><td align=\"center\" style=\"text-align:center;\"><img src=\"http:\/\/demo26.crmeb.net\/uploads\/attach\/2020\/08\/25\/abd0ee82d0070f24b3e296aa38ac4079.jpg\" usemap=\"#adi_Map_EG15367\" size=\"790x633\"\/><\/td><\/tr><tr><td align=\"center\" style=\"text-align:center;\"><img src=\"http:\/\/demo26.crmeb.net\/uploads\/attach\/2020\/08\/25\/3a76c8c4f981f86be1ddfce34544799a.jpg\" size=\"790x549\"\/><\/td><\/tr><tr><td align=\"center\" style=\"text-align:center;\"><img src=\"http:\/\/demo26.crmeb.net\/uploads\/attach\/2020\/08\/25\/c21c90aeee5cb7751db178e977dfbea9.jpg\" size=\"790x923\"\/><\/td><\/tr><tr><td align=\"center\" style=\"text-align:center;\"><img src=\"http:\/\/demo26.crmeb.net\/uploads\/attach\/2020\/08\/25\/d924288c3004d6b51b8a4400d727b39d.jpg\" size=\"790x743\"\/><\/td><\/tr><\/tbody><\/table><p><img src=\"http:\/\/demo26.crmeb.net\/uploads\/attach\/2020\/08\/20200825\/cb49eb3007d62fe81cf345a06a5646fb.png\"\/><\/p><video src=\"\/\/cloud.video.taobao.com\/play\/u\/446338500\/p\/1\/e\/6\/t\/1\/240081942053.mp4\" controls=\"controls\"><\/video>","checkCoupon":false},{"id":25,"store_name":"蕲珍阁 艾灸贴三伏贴艾草贴热敷温灸贴李时珍蕲艾草精油理疗艾叶 5盒 蕲艾艾灸贴","cate_id":"45","image":"http:\/\/demo26.crmeb.net\/uploads\/attach\/2020\/04\/24\/339348c07523de4186437baeb7564079.jpg","sales":"2343","price":"12.00","stock":0,"activity":[],"unit_name":"件","description":"<p><img src=\"http:\/\/demo26.crmeb.net\/uploads\/attach\/2020\/04\/24\/4477989820e0529983a93056d5d6ba6e.jpg\" alt=\"\"\/><img src=\"http:\/\/demo26.crmeb.net\/uploads\/attach\/2020\/04\/24\/028a22942fcb238fbfe742f9ec6fe2ad.jpg\" alt=\"\"\/><br\/><img src=\"http:\/\/demo26.crmeb.net\/uploads\/attach\/2020\/04\/24\/3efbd07d277bd04554daf8c531de9954.jpg\" alt=\"\"\/><br\/><img src=\"http:\/\/demo26.crmeb.net\/uploads\/attach\/2020\/04\/24\/7794c64732adee9aee19801bba603be4.jpg\" alt=\"\"\/><br\/><img src=\"http:\/\/demo26.crmeb.net\/uploads\/attach\/2020\/04\/24\/9dd6e402078efbce772bbb2819677a23.jpg\" alt=\"\"\/><br\/><img src=\"http:\/\/demo26.crmeb.net\/uploads\/attach\/2020\/04\/24\/c2a7b23178e32e206a21651ef49fa35f.jpg\" alt=\"\"\/><br\/><img src=\"http:\/\/demo26.crmeb.net\/uploads\/attach\/2020\/04\/24\/786f2d81806bdd15841e8f9a3027f6ed.jpg\" alt=\"\"\/><br\/><img src=\"http:\/\/demo26.crmeb.net\/uploads\/attach\/2020\/04\/24\/f6f8c5403c2b3b2b1266aefb06568594.jpg\" alt=\"\"\/><br\/><img src=\"http:\/\/demo26.crmeb.net\/uploads\/attach\/2020\/04\/24\/8bcfb85bdf9d4e1ce06d8b927c9a6165.jpg\" alt=\"\"\/><br\/><img src=\"http:\/\/demo26.crmeb.net\/uploads\/attach\/2020\/04\/24\/317c80791b0333279babdd92f7c27d34.jpg\" alt=\"\"\/><br\/><img src=\"http:\/\/demo26.crmeb.net\/uploads\/attach\/2020\/04\/24\/291137c0d76b5b5bcc1653235d3a9436.jpg\" alt=\"\"\/><br\/><img src=\"http:\/\/demo26.crmeb.net\/uploads\/attach\/2020\/04\/24\/9b6ce5f3fb3fc36cdb4b748a8028345b.jpg\" alt=\"\"\/><br\/><img src=\"http:\/\/demo26.crmeb.net\/uploads\/attach\/2020\/04\/24\/f0c2ab904226e49e7d9424b40fe3a76f.jpg\" alt=\"\"\/><br\/><img src=\"http:\/\/demo26.crmeb.net\/uploads\/attach\/2020\/04\/24\/d76f3422460ebe622eb381d1fc583e28.jpg\" alt=\"\"\/><br\/><img src=\"http:\/\/demo26.crmeb.net\/uploads\/attach\/2020\/04\/24\/5d0326bbde0c5b9a4f06e84cd86645eb.jpg\" alt=\"\"\/><br\/><img src=\"http:\/\/demo26.crmeb.net\/uploads\/attach\/2020\/04\/24\/fd89cbfc2a3fe392d51d42f0a6bfcc31.jpg\" alt=\"\"\/><br\/><img src=\"http:\/\/demo26.crmeb.net\/uploads\/attach\/2020\/04\/24\/aca67ef3c0ceec4ce91d652ff7513c3a.jpg\" alt=\"\"\/><br\/><img src=\"http:\/\/demo26.crmeb.net\/uploads\/attach\/2020\/04\/24\/56d0a732ba0aa712386e6d092101426e.jpg\" alt=\"\"\/><\/p><p><br\/><\/p><p><br\/><\/p>","checkCoupon":false},{"id":6,"store_name":"云麦体脂秤称重女智能精准成人脂肪测量仪家用电子体重秤","cate_id":"40","image":"http:\/\/demo26.crmeb.net\/uploads\/attach\/2019\/05\/23\/fb40e23473563d0853bb02bc4baa2ea2.jpg","sales":"1200","price":"350.00","stock":99853,"activity":{"type":"2","id":45},"unit_name":"件","description":"<p><img src=\"http:\/\/demo26.crmeb.net\/uploads\/attach\/2019\/05\/23\/f69510b13ae5c913b558e19a2eda331f.jpg\"\/><img src=\"http:\/\/demo26.crmeb.net\/uploads\/attach\/2019\/05\/23\/22fb3ea0b12ce02002087656893c8683.jpg\"\/><img src=\"http:\/\/demo26.crmeb.net\/uploads\/attach\/2019\/05\/23\/5a674aef6fd5b3e11625864dd96447a7.jpg\"\/><img src=\"http:\/\/demo26.crmeb.net\/uploads\/attach\/2019\/05\/23\/86dacff12e9057d57631ed8b0ac110e4.jpg\"\/><img src=\"http:\/\/demo26.crmeb.net\/uploads\/attach\/2019\/05\/23\/57e8d296e7f2b293238257e67f5ec90a.jpg\"\/><img src=\"http:\/\/demo26.crmeb.net\/uploads\/attach\/2019\/05\/23\/aae08a2dfab14254f0364a63320e6ab1.jpg\"\/><img src=\"http:\/\/demo26.crmeb.net\/uploads\/attach\/2019\/05\/23\/5dc0a4ca6c58a6c1a41d6692e8c8f851.jpg\"\/><img src=\"http:\/\/demo26.crmeb.net\/uploads\/attach\/2019\/05\/23\/bcb9a4f704094d9c1cfdc97da341efad.jpg\"\/><img src=\"http:\/\/demo26.crmeb.net\/uploads\/attach\/2019\/05\/23\/5a84827bda2a73dba69f69c587b78e19.jpg\"\/><img src=\"http:\/\/demo26.crmeb.net\/uploads\/attach\/2019\/05\/23\/9c563c4f539b66b532fe4c539a451281.jpg\"\/><img src=\"http:\/\/demo26.crmeb.net\/uploads\/attach\/2019\/05\/23\/e7b62cc2b17109be9859590f9e035e08.jpg\"\/><img src=\"http:\/\/demo26.crmeb.net\/uploads\/attach\/2019\/05\/23\/1725040b1979874ccaf5a4e54bc8229d.jpg\"\/><img src=\"http:\/\/demo26.crmeb.net\/uploads\/attach\/2019\/05\/23\/725a55bd32bb9fa31871e41bdd24c8f7.jpg\"\/><img src=\"http:\/\/demo26.crmeb.net\/uploads\/attach\/2019\/05\/23\/0b659f7ccd0264c252f716ccf1d07acd.jpg\"\/><img src=\"http:\/\/demo26.crmeb.net\/uploads\/attach\/2019\/05\/23\/557988d973fbdd44f7324e063bdff86c.jpg\"\/><img src=\"http:\/\/demo26.crmeb.net\/uploads\/attach\/2019\/05\/23\/2cc4714d85c1cd7d64f22c6e8f253a19.jpg\"\/><img src=\"http:\/\/demo26.crmeb.net\/uploads\/attach\/2019\/05\/23\/e56709ce8f02e98f4f29951c0a3fe6b1.jpg\"\/><img src=\"http:\/\/demo26.crmeb.net\/uploads\/attach\/2019\/05\/23\/cefff20d33ce11baa94815e6e480a568.jpg\"\/><img src=\"http:\/\/demo26.crmeb.net\/uploads\/attach\/2019\/05\/23\/e373022b1b95378788dfa51afcb13ea1.jpg\"\/><img src=\"http:\/\/demo26.crmeb.net\/uploads\/attach\/2019\/05\/23\/7dcfd8efd8b19831bf618d7fd61f8f3c.jpg\"\/><img src=\"http:\/\/demo26.crmeb.net\/uploads\/attach\/2019\/05\/23\/ad71e8d371f1bcb466169c79602706c8.jpg\"\/><img src=\"http:\/\/demo26.crmeb.net\/uploads\/attach\/2019\/05\/23\/eee503c9ad91f2471245e565d5dd635b.jpg\"\/><img src=\"http:\/\/demo26.crmeb.net\/uploads\/attach\/2019\/05\/23\/234ce6c33d831ebaf72bb3cad1f1e09e.jpg\"\/> <\/p>","checkCoupon":false},{"id":12,"store_name":"90分百搭运动可折叠包多功能户外防泼水双肩背包旅行袋","cate_id":"27","image":"http:\/\/demo26.crmeb.net\/uploads\/attach\/2019\/05\/23\/ce6baadec5ac2bac1049dbd15931cdea.jpg","sales":"484","price":"599.00","stock":10000,"activity":{"type":"2","id":2},"unit_name":"件","description":"<p><img src=\"http:\/\/demo26.crmeb.net\/uploads\/attach\/2019\/05\/23\/b5c9dade24b011781162fa7c2785ad51.jpg\"\/><img src=\"http:\/\/demo26.crmeb.net\/uploads\/attach\/2019\/05\/23\/75813900ae6df61baf06311b8e2f0802.jpg\"\/><img src=\"http:\/\/demo26.crmeb.net\/uploads\/attach\/2019\/05\/23\/53fdf2989d2374cf42e2e5d223556faa.jpg\"\/><img src=\"http:\/\/demo26.crmeb.net\/uploads\/attach\/2019\/05\/23\/758a159d0d4d770d4c7f9f3b71804e44.jpg\"\/><img src=\"http:\/\/demo26.crmeb.net\/uploads\/attach\/2019\/05\/23\/69a301b60df088623e1f0f554ea9e652.jpg\"\/><img src=\"http:\/\/demo26.crmeb.net\/uploads\/attach\/2019\/05\/23\/e5b14cc8d0f3014eb24a23ceefa0345b.jpg\"\/><img src=\"http:\/\/demo26.crmeb.net\/uploads\/attach\/2019\/05\/23\/2ad4adc34d19fc9e575b9528d76022cb.jpg\"\/><img src=\"http:\/\/demo26.crmeb.net\/uploads\/attach\/2019\/05\/23\/26500e35ba7c74e8edcb993bd1ce2c43.jpg\"\/><img src=\"http:\/\/demo26.crmeb.net\/uploads\/attach\/2019\/05\/23\/8d36478ddccbbe72b743c592d98becbc.jpg\"\/><img src=\"http:\/\/demo26.crmeb.net\/uploads\/attach\/2019\/05\/23\/8a5e8f7f38cc30db3f3874a0ba0d6f6a.jpg\"\/><img src=\"http:\/\/demo26.crmeb.net\/uploads\/attach\/2019\/05\/23\/8fb958e84f1511a9513936276339f743.jpg\"\/><img src=\"http:\/\/demo26.crmeb.net\/uploads\/attach\/2019\/05\/23\/431a05764e036fb5be8157a00cb96329.jpg\"\/><img src=\"http:\/\/demo26.crmeb.net\/uploads\/attach\/2019\/05\/23\/58378505fab9ba99351ddf01e3abe07b.jpg\"\/><img src=\"http:\/\/demo26.crmeb.net\/uploads\/attach\/2019\/05\/23\/941eca66c8c4966d0f8c61d35e914332.jpg\"\/><img src=\"http:\/\/demo26.crmeb.net\/uploads\/attach\/2019\/05\/23\/36eb914c0daab7943b599bca41b0a540.jpg\"\/><img src=\"http:\/\/demo26.crmeb.net\/uploads\/attach\/2019\/05\/23\/50e94390c25bb9c4751e7d848a4e2112.jpg\"\/><img src=\"http:\/\/demo26.crmeb.net\/uploads\/attach\/2019\/05\/23\/716ec33eef361c6c44965f645ebb3c33.jpg\"\/><img src=\"http:\/\/demo26.crmeb.net\/uploads\/attach\/2019\/05\/23\/82c656f76baf6c74ff17af7947973e16.jpg\"\/><img src=\"http:\/\/demo26.crmeb.net\/uploads\/attach\/2019\/05\/23\/4f53570433922ff57f29c2706969104f.png\"\/> <\/p>","checkCoupon":false},{"id":7,"store_name":"火候进口整木砧板乌檀木实木家用厨房菜板防霉切菜板","cate_id":"35","image":"http:\/\/demo26.crmeb.net\/uploads\/attach\/2019\/05\/23\/4b77ed78767c49b05d365d01b1d95d99.jpg","sales":"254","price":"10.00","stock":109884,"activity":[],"unit_name":"件","description":"<p><img src=\"http:\/\/demo26.crmeb.net\/uploads\/attach\/2019\/05\/23\/90fe33df7b17ddaba9b1260853f6b5ef.jpg\"\/><img src=\"http:\/\/demo26.crmeb.net\/uploads\/attach\/2019\/05\/23\/7ab3020d085e17331982406655c2b6de.jpg\"\/><img src=\"http:\/\/demo26.crmeb.net\/uploads\/attach\/2019\/05\/23\/c5dab3f3a9b408d727ccc76327786cab.jpg\"\/><img src=\"http:\/\/demo26.crmeb.net\/uploads\/attach\/2019\/05\/23\/df25da1a752ef60b3e55e46bee9d6255.jpg\"\/> <img src=\"http:\/\/demo26.crmeb.net\/uploads\/attach\/2019\/05\/23\/fdc12bbedf4745874ad6e522fa787ada.jpg\"\/><img src=\"http:\/\/demo26.crmeb.net\/uploads\/attach\/2019\/05\/23\/ebce62d07045ccd6c531213f65c4e382.jpg\"\/> <img src=\"http:\/\/demo26.crmeb.net\/uploads\/attach\/2019\/05\/23\/73132ac4b75d87d29215ee2a6aef0d65.jpg\"\/><img src=\"http:\/\/demo26.crmeb.net\/uploads\/attach\/2019\/05\/23\/ac1f7a9f84a0bf92e627c17d6d6759d8.jpg\"\/><img src=\"http:\/\/demo26.crmeb.net\/uploads\/attach\/2019\/05\/23\/3e2877f089f5ed5a3aea5770d9ebc871.jpg\"\/><img src=\"http:\/\/demo26.crmeb.net\/uploads\/attach\/2019\/05\/23\/75d48c86c313177413de7015a2c0280f.jpg\"\/> <img src=\"http:\/\/demo26.crmeb.net\/uploads\/attach\/2019\/05\/23\/fbd4488ddb427cf81d19edec93a824cc.jpg\"\/><img src=\"http:\/\/demo26.crmeb.net\/uploads\/attach\/2019\/05\/23\/4ac428eb00c99d6bd371da793822b7b9.jpg\"\/> <img src=\"http:\/\/demo26.crmeb.net\/uploads\/attach\/2019\/05\/23\/2ba9c25974c97f521b6cffebb82f5bc4.jpg\"\/> <img src=\"http:\/\/demo26.crmeb.net\/uploads\/attach\/2019\/05\/23\/324a9dccd925fbc5d988512109d69c94.jpg\"\/> <img src=\"http:\/\/demo26.crmeb.net\/uploads\/attach\/2019\/05\/23\/c38ba260ebd42d07e700e4f4429e2b4f.jpg\"\/><img src=\"http:\/\/demo26.crmeb.net\/uploads\/attach\/2019\/05\/23\/02ddfc6d3436177d00f59ea48a0b143f.jpg\"\/> <img src=\"http:\/\/demo26.crmeb.net\/uploads\/attach\/2019\/05\/23\/1fb6ccffeb17285a6205679c762f3b2b.jpg\"\/><img src=\"http:\/\/demo26.crmeb.net\/uploads\/attach\/2019\/05\/23\/b62af023833036e3dc6f48c9c140d0e3.jpg\"\/><img src=\"http:\/\/demo26.crmeb.net\/uploads\/attach\/2019\/05\/23\/26d234e2a2975484fa274a24c0553ddc.jpg\"\/><img src=\"http:\/\/demo26.crmeb.net\/uploads\/attach\/2019\/05\/23\/dd421fba67d8864d7af2f87e4f116360.jpg\"\/> <img src=\"http:\/\/demo26.crmeb.net\/uploads\/attach\/2019\/05\/23\/a5632dba1f5e97f60f41cf7d98e2adb4.jpg\"\/> <img src=\"http:\/\/demo26.crmeb.net\/uploads\/attach\/2019\/05\/23\/cfe5603d97226dffff61f69b7449b822.jpg\"\/><img src=\"http:\/\/demo26.crmeb.net\/uploads\/attach\/2019\/05\/23\/8ddb3693fc2ad6901f9392892676039c.jpg\"\/> <img src=\"http:\/\/demo26.crmeb.net\/uploads\/attach\/2019\/05\/23\/4c438ba121b2032d9a08941ff715c01f.jpg\"\/><img src=\"http:\/\/demo26.crmeb.net\/uploads\/attach\/2019\/05\/23\/1fbfaf37f3cb0ca0e5fd344550a0d3db.jpg\"\/><img src=\"http:\/\/demo26.crmeb.net\/uploads\/attach\/2019\/05\/23\/397bf0255e20edf1b540e349f21e7ee7.jpg\"\/> <img src=\"http:\/\/demo26.crmeb.net\/uploads\/attach\/2019\/05\/23\/5d6d866d40abe34421d366c36c7e2a9d.jpg\"\/> <img src=\"http:\/\/demo26.crmeb.net\/uploads\/attach\/2019\/05\/23\/3ec3393b0c35a3efa4badf19e0aeb356.jpg\"\/><img src=\"http:\/\/demo26.crmeb.net\/uploads\/attach\/2019\/05\/23\/7a97fe1e89008cf43813cd5f01b286f6.jpg\"\/> <img src=\"http:\/\/demo26.crmeb.net\/uploads\/attach\/2019\/05\/23\/4bfa3179732f25ecf8873c1ccf5e1b39.jpg\"\/> <img src=\"http:\/\/demo26.crmeb.net\/uploads\/attach\/2019\/05\/23\/9d897d9752079f4b15ab9a9ef8bcdaff.jpg\"\/><img src=\"http:\/\/demo26.crmeb.net\/uploads\/attach\/2019\/05\/23\/609676be49886405b3594cd4579142c5.jpg\"\/><\/p>","checkCoupon":false},{"id":4,"store_name":"莱克吉米手持无线吸尘器除螨除尘组合家用大吸力静音","cate_id":"12","image":"http:\/\/demo26.crmeb.net\/uploads\/attach\/2019\/05\/23\/2a21667934bd7e26c7edd02687efdd34.jpg","sales":"6176","price":"10.00","stock":9923,"activity":[],"unit_name":"件","description":"<p><img src=\"http:\/\/demo26.crmeb.net\/uploads\/attach\/2019\/05\/23\/a8a7f1583a5b5427b6e4553a88fddf87.jpg\"\/><img src=\"http:\/\/demo26.crmeb.net\/uploads\/attach\/2019\/05\/23\/f3a4ebd5683b131799d5410e12fa201d.jpg\"\/><img src=\"http:\/\/demo26.crmeb.net\/uploads\/attach\/2019\/05\/23\/0e6ce5b62f733212446bf079ddf17fce.jpg\"\/><img src=\"http:\/\/demo26.crmeb.net\/uploads\/attach\/2019\/05\/23\/7f4720a0f40444dee6e9d50b8605ffc0.jpg\"\/><img src=\"http:\/\/demo26.crmeb.net\/uploads\/attach\/2019\/05\/23\/0f887eac97eb8eeea72fd1061bf24d00.jpg\"\/><img src=\"http:\/\/demo26.crmeb.net\/uploads\/attach\/2019\/05\/23\/3595220aaa4383dc131138b6057e855a.jpg\"\/><img src=\"http:\/\/demo26.crmeb.net\/uploads\/attach\/2019\/05\/23\/a6b441566b95a9b9ca3d6021600ced0d.jpg\"\/><img src=\"http:\/\/demo26.crmeb.net\/uploads\/attach\/2019\/05\/23\/e639cbe8bff6ca6423fc7e6bd35bc4d2.jpg\"\/><img src=\"http:\/\/demo26.crmeb.net\/uploads\/attach\/2019\/05\/23\/863937056310d4481e1dfad5ef401e98.jpg\"\/><img src=\"http:\/\/demo26.crmeb.net\/uploads\/attach\/2019\/05\/23\/7d35479f69da4db69858516871fbab7a.jpg\"\/><img src=\"http:\/\/demo26.crmeb.net\/uploads\/attach\/2019\/05\/23\/c37b79801f21ccc19611cecab593f814.jpg\"\/><img src=\"http:\/\/demo26.crmeb.net\/uploads\/attach\/2019\/05\/23\/0f9044db1ace3fb789267892351cda78.jpg\"\/><img src=\"http:\/\/demo26.crmeb.net\/uploads\/attach\/2019\/05\/23\/13a3be6c083a56921befc4ee50e3a8ff.jpg\"\/><img src=\"http:\/\/demo26.crmeb.net\/uploads\/attach\/2019\/05\/23\/dfd347281dbf1baaaf4ef4cfb52ea9f4.jpg\"\/><img src=\"http:\/\/demo26.crmeb.net\/uploads\/attach\/2019\/05\/23\/9200671424ae3f0c61be6063917441e9.jpg\"\/><img src=\"http:\/\/demo26.crmeb.net\/uploads\/attach\/2019\/05\/23\/2775e949a3664caa2303828dfe6296e3.jpg\"\/><img src=\"http:\/\/demo26.crmeb.net\/uploads\/attach\/2019\/05\/23\/7bae0c88699eb7b46d4e474066e9bd1b.jpg\"\/><img src=\"http:\/\/demo26.crmeb.net\/uploads\/attach\/2019\/05\/23\/068830b56ce7bf49485253235041708c.jpg\"\/><img src=\"http:\/\/demo26.crmeb.net\/uploads\/attach\/2019\/05\/23\/a5abce5b862bb4455c0b8fcbef6ba5e8.jpg\"\/><img src=\"http:\/\/demo26.crmeb.net\/uploads\/attach\/2019\/05\/23\/0f8b4191b158ca94e31f1b06411b65b1.jpg\"\/><img src=\"http:\/\/demo26.crmeb.net\/uploads\/attach\/2019\/05\/23\/1af9da37f6833deb65959ca9601b31f7.jpg\"\/><\/p>","checkCoupon":false}],"mapKey":"U65BZ-F2IHX-CGZ4I-73I7L-M6FZF-TEFCH","store_self_mention":1,"activity":[]}}