{
  "npmClient": "yarn",
  "useWorkspaces": true,
  "version": "4.4.0",
  "packages": [
    "packages/@vue/babel-preset-app",
    "packages/@vue/cli*",
    "packages/vue-cli-version-marker"
  ],
  "changelog": {
    "repo": "vuejs/vue-cli",
    "labels": {
      "PR: New Feature": ":rocket: New Features",
      "PR: Breaking Change": ":boom: Breaking Changes",
      "PR: Bug Fix": ":bug: Bug Fix",
      "PR: Documentation": ":memo: Documentation",
      "PR: Internal": ":house: Internal",
      "PR: Underlying Tools": ":hammer: Underlying Tools"
    },
    "cacheDir": ".changelog"
  }
}
